protein_id,label,transition,event_count,max_abs_delta,representative_mask_pos_1based,representative_orig_aa,first_event_row,fasta_index,sequence_length
007bed5be4133f62fd23f1579819bb6a SECSG-Pfu-1643808-001 A-0,0,correct_to_wrong,1,0.9504412524402142,1,A,1,3931,40
dd53566f0750ba508a966b2b8d2cd667 2KO2_1 A-1,1,correct_to_wrong,7,0.9301571622490883,17,K,2,3595,79
6e5fdb6eb047a6dfdf341f1cabc789f3 SSGCID-RibeA.17832.c A-0,0,correct_to_wrong,1,0.9020034298300743,1,M,3,293,594
05d68d0bbba9feaf273b4f834eeb36c7 SECSG-Pfu-919736-001 A-0,0,correct_to_wrong,6,0.8996924608945847,43,P,4,3885,50
a0aaa1adb27b554e562e9f05b4ec2a43 SECSG-Pfu-918553-001 A-0,0,correct_to_wrong,2,0.894302237778902,1,A,5,3707,69
c2a002b0454e9178dae56c678141f8cb NYSGRC-033532 A-0,0,correct_to_wrong,1,0.8688254058361053,1,M,7,211,654
0534c1daea66b1edc3745732ee1a7899 5JRL_1 A-1,1,correct_to_wrong,1,0.8566930145025253,1,S,8,132,746
e6d2b7aaea2fa38968b3cbd39d566890 NESG-RR264 A-0,0,correct_to_wrong,1,0.8298028036952019,1,M,11,44,1086
3a46686a05b4d6c205f9ba8a6dc50a17 JCSG-244 A-0,0,correct_to_wrong,1,0.8122731298208237,1,M,12,2360,151
9ac52310e5d3feccbab0e541e2b06716 MCSG-APC65199 A-0,0,correct_to_wrong,1,0.8086349964141846,1,M,13,925,331
7514ac55e11af8412a3455b45f430edc SECSG-Pfu-1879140-001 A-0,0,correct_to_wrong,1,0.806699626147747,1,A,14,3944,38
075355ab1665145648efeffaba6fac37 SECSG-Pfu-1661230-001 A-0,0,correct_to_wrong,1,0.7992855608463287,1,A,15,2907,118
432de6dac3155dd3d4df0a5f4a46689f MCSG-APC102434 A-0,0,correct_to_wrong,1,0.7592356540262699,1,M,16,1317,261
12d162aba3c8e92ed4adbf8fcbd11964 NESG-YR243 A-0,0,correct_to_wrong,1,0.7478982731699944,1,M,17,350,543
985b664feb123f78aa2dbbda79a2c64d NESG-AR2916 A-0,0,correct_to_wrong,1,0.7442765086889267,1,M,18,389,517
ff407bc90efe7a0d0a8b999b033f1a3c 6LCD_1 A-1,1,correct_to_wrong,1,0.6831139624118805,1,S,21,601,420
7b7d66330f111c326f1b4ae0982ebbd2 MCSG-APC41500.0 A-0,0,correct_to_wrong,7,0.6731990873813629,1,M,23,1278,268
8cf961c52d667a826d54994b15855605 SECSG-Pfu-238451-001 A-0,0,correct_to_wrong,2,0.6722809374332428,1,A,24,3725,68
617770f5777482d88b2f0b0b99992511 SECSG-Pfu-1611840-001 A-0,0,correct_to_wrong,1,0.6717669144272804,1,A,25,2489,142
7da6012bf9707171f4690f9cf509c20a JCSG-392452 A-0,0,correct_to_wrong,1,0.6595511138439178,1,M,26,3223,101
bbb5ac18061a2dbcc795690b1cb1c11f SSGCID-BupsA.17422.a A-1,1,correct_to_wrong,2,0.6568076014518738,7,Q,27,2148,167
ef5a20f7b351198661cb339f567e3540 NESG-SvR354 A-0,0,correct_to_wrong,1,0.6435098946094513,1,M,29,2131,168
f4a0ad7f16412e904289b7386e9f2d83 NESG-TfR28 A-0,0,correct_to_wrong,1,0.6428461223840714,1,M,30,126,751
2b99726e79459842b5a8832c2a29507b MCSG-APC83998 A-0,0,correct_to_wrong,1,0.6401860415935516,1,M,31,1130,293
d98e6e4689d14b66bbf0eab6adb15a59 SGPP-Tcru000310AAA A-0,0,correct_to_wrong,2,0.6371632367372513,2,P,32,1378,252
c94706ad3c2252abe289c02ccb198eef MCSG-APC109373 A-0,0,correct_to_wrong,1,0.6365459859371185,1,M,33,434,496
797506ba024b5b1531739612354bbaba SECSG-ZK370.6 A-0,0,correct_to_wrong,1,0.6060155630111694,1,M,35,2187,164
55a74e79f77766fda9058895f7f7077b JCSG-360728 A-0,0,correct_to_wrong,1,0.600353941321373,1,M,36,2041,177
1848ad3577d87b10524ffd365c295279 SGPP-Tcru006467AAA A-0,0,correct_to_wrong,1,0.598635345697403,1,M,37,2114,169
abe0ca556f016e5baf421ec8d7b3610d SECSG-Pfu-1611712-001 A-0,0,correct_to_wrong,1,0.5970929637551308,1,A,38,3930,40
a552bc0903a7e225f246213d3477baf5 JCSG-416864 A-1,1,correct_to_wrong,6,0.593650683760643,8,N,39,3381,94
eccbea547cdc2d573b5ef2c7b269e50c JCSG-354415 A-0,0,correct_to_wrong,1,0.5874751433730125,1,M,40,802,359
afb207a6af7f4624a2c2b21359ba641b SSGCID-RibeA.17832.b A-0,0,correct_to_wrong,1,0.5853174328804016,1,M,41,2456,144
d712bcff6a8d1d5014c0598b845ebcce MCSG-APC35830 A-0,0,correct_to_wrong,1,0.5813166946172714,1,M,43,1212,279
51dfa93a78f56ca9f4e5d300e81f5b74 SECSG-Pfu-1490333-001 A-0,0,correct_to_wrong,1,0.5804198682308197,1,A,44,2681,130
46a523ed17dbc8d8d513286adc1d6981 SGPP-Pfal005504AAA A-0,0,correct_to_wrong,1,0.5789370685815811,1,M,45,36,1139
90e44f5b54da69dbc552fe1caed7ed2a SECSG-F47F6.C A-0,0,correct_to_wrong,3,0.575682669878006,1,M,46,3955,36
e2ced813ade0ebcfbfd155c843791e7a 1OW4_1 A-1,1,correct_to_wrong,1,0.5583248734474182,2,D,48,2709,129
d7ecf8300cbfdbe14dd4f772076526e5 NESG-MsR151 A-0,0,correct_to_wrong,1,0.5563861429691315,1,M,49,903,337
92444d22a9abc391f3383e247670a2ed SECSG-Pfu-240581-001 A-0,0,correct_to_wrong,1,0.5562097392976284,1,A,50,3688,71
56ac685ea016bf0b1eb0034e8b8715f7 SSGCID-EnhiA.18446.a A-0,0,correct_to_wrong,1,0.5552125573158264,1,M,51,744,375
d6e8a927825637459b2a85ff2c791c34 MCSG-APC21369.1 A-0,0,correct_to_wrong,1,0.5512125790119171,1,M,53,2705,129
8389a66877fb9c1ceaa215bee695ef80 NESG-FR531 A-0,0,correct_to_wrong,1,0.5487989485263824,1,M,55,5,1977
50f530bc57df6cc6cb8a4b4e21832ee3 SECSG-Y39A1A.5B A-0,0,correct_to_wrong,1,0.5484319999814034,1,M,56,2756,126
b0de057c636810f747b5a4fbc4ac3a97 SECSG-Pfu-39689-001 A-0,0,correct_to_wrong,2,0.5482162833213806,1,A,57,3758,65
115d5a4081836103ad363b4a5bd0f9dd NP_416522.1 A-0,0,correct_to_wrong,1,0.5427146255970001,1,M,58,3998,16
fcf4ff8f0b35839659a41874147acb31 JCSG-385491 A-1,1,correct_to_wrong,1,0.5392589867115021,8,K,59,1168,289
0a1f71293106cdb894476501596bc18a JCSG-421553 A-1,1,correct_to_wrong,1,0.5388128757476807,1,S,60,158,708
6ee67ef224f19466ca548d6e8f5f7920 MCSG-APC103435 A-0,0,correct_to_wrong,1,0.5365152060985565,1,M,61,767,369
3e56fc225e94002d9a7594e54e87b666 4JCV_2 A-1,1,correct_to_wrong,5,0.5337579846382141,7,H,62,1297,265
1fe3d87f02417fb29f48a151c64b7532 NYSGRC-004168 A-0,0,correct_to_wrong,1,0.532037615776062,1,M,63,1435,244
9ffd4510720cfd1d2a17975519702c83 MCSG-APC102538 A-0,0,correct_to_wrong,1,0.5314308404922485,1,M,64,3964,32
d9d2d4011a6b32b201e397b4006817d3 NESG-HR7670D A-1,1,correct_to_wrong,4,0.5246270895004272,21,H,66,3475,88
1ac0a6d381f98488e57b244870403693 SSGCID-NegoA.19194.a A-0,0,correct_to_wrong,3,0.5236938297748566,1,M,68,2977,114
1c8a54c330b411670ee2cb260b1db043 MCSG-APC36040 A-0,0,correct_to_wrong,1,0.5235342532396317,1,M,69,731,380
fc5ed0acd326c50851ce09977f117490 SECSG-858 A-1,1,correct_to_wrong,5,0.5223049223423004,8,H,71,106,787
2efe0b4ae72e2aff55aa6f5f81f4505d NP_417089.1 A-0,0,correct_to_wrong,1,0.5195947885513306,1,M,73,3999,15
9e5f69592aae6a0aa799702845296484 MCSG-APC22419 A-0,0,correct_to_wrong,25,0.5193229615688324,1,M,74,722,382
9c6a5ae54aa204fd367f93da18d81e1f MCSG-APC104059 A-0,0,correct_to_wrong,1,0.5190481841564178,1,M,76,104,788
9eccaeb53116a1102393a5c4d9fb8b60 SSGCID-EnhiA.17839.a A-0,0,correct_to_wrong,1,0.5182725340127945,1,M,77,258,618
419eb73b55263c069555b2cca62f8432 NESG-XR95A A-0,0,correct_to_wrong,13,0.5178685188293457,1,M,78,2442,145
b9a8c44ca6e0f06b5ef0ecca45c607b7 6IXP_2 A-1,1,correct_to_wrong,2,0.5171900689601898,1,G,79,3939,39
c987b5d137de2c747477fdc51d584a7b 4TR3_1 A-1,1,correct_to_wrong,1,0.5150855481624603,1,G,80,1903,191
f578fd117004d9c779dff99b9c641902 6TCT_1 A-1,1,correct_to_wrong,2,0.50855353474617,5,E,82,2759,126
53320ee8902a5551ccc6ee4e5cfc9fe9 JCSG-379157 A-0,0,correct_to_wrong,1,0.5064363777637482,1,M,83,2160,166
f03f2b9fcc2b2251ea30833d92bf10da JCSG-354462 A-0,0,correct_to_wrong,1,0.5056280493736267,1,M,84,440,492
a9f2d1028145bb67a9d73d0681c26797 MCSG-APC23512 A-0,0,correct_to_wrong,1,0.5039052963256836,1,M,87,1124,294
754a4b456e5e5e4c79a3c50be7a2988c NYSGRC-033746 A-1,1,correct_to_wrong,1,0.49826571345329285,1,S,90,77,854
ce432be352001eb588a2220feb27cfff SECSG-T05E11.7 A-0,0,correct_to_wrong,1,0.49695587158203125,1,M,91,1996,182
4de1fdfe07d26cc56db9c6b82a65a47a TB-Rv1434 A-0,0,correct_to_wrong,1,0.4959859549999237,1,M,92,3909,45
48d191db375f02ee7ca2563c943bc906 SSGCID-RifeA.01656.a A-0,0,correct_to_wrong,1,0.49464572966098785,1,M,93,302,590
f47ba509573abcca6fcd7aaebfae6d5e SGPP-Lmaj01207AAA A-0,0,correct_to_wrong,1,0.49419742822647095,1,M,94,1858,195
4f349686caae2ace4162a8bfe11832b1 MCSG-APC83934 A-0,0,correct_to_wrong,1,0.4923442006111145,1,M,96,1578,227
42db6ec1669ab33f3de423d7c7f67af9 MCSG-APC36092 A-0,0,correct_to_wrong,8,0.49043673276901245,1,M,97,3486,87
64fe897d9a94e4a06265c8d50c89536b MCSG-APC103014 A-0,0,correct_to_wrong,1,0.48948676884174347,1,M,98,709,386
3424eec91290ae783d041b7fd5440384 SECSG-F11A5.6 A-0,0,correct_to_wrong,5,0.4893154799938202,1,M,99,3890,48
789553879254abf9122bcdb1677dfea5 SECSG-R07B7.8 A-0,0,correct_to_wrong,1,0.48822325468063354,1,M,100,845,348
2ee9a657c4681aa4bca20993d28032ed SECSG-Pfu-1499439-001 A-0,0,correct_to_wrong,39,0.4877576529979706,1,A,101,2488,142
5bc06faed68c611be9f299d10955edfd MCSG-APC84032 A-0,0,correct_to_wrong,2,0.48671966791152954,1,M,103,900,337
16c24d50685bc0d512ee21d41cdff123 SSGCID-HepyC.19485.a A-0,0,correct_to_wrong,1,0.4853273630142212,1,M,106,3635,75
2099d73b8dfb2891d2f7e499fe70be8d MCSG-APC83840 A-0,0,correct_to_wrong,1,0.4842376112937927,1,M,108,2270,157
2ee963b23250abf146c65a1c3bdbdee2 MCSG-APC23887 A-0,0,correct_to_wrong,1,0.4840128719806671,1,M,109,2397,149
4a3a6aef487e005fddfe2f52fad4ea6f SSGCID-PsaeA.18875.a A-0,0,correct_to_wrong,1,0.4835597276687622,1,M,110,1515,233
3d34938e7ecfe9a5c49c29c9c0469ad8 NYSGRC-024588 A-0,0,correct_to_wrong,1,0.4824962466955185,1,M,111,897,338
c14c9607f622f81643efa698b48449dc 6L81_1 A-1,1,correct_to_wrong,34,0.4804099500179291,60,D,113,2802,124
38fe7d66701c2b1489592172da231dee JCSG-419120 A-1,1,correct_to_wrong,6,0.48016899824142456,70,P,114,2674,131
f9657c6aea39f3184277a4d6de6f19a2 MCSG-APC23803 A-0,0,correct_to_wrong,37,0.4792990982532501,1,M,115,3241,100
344b4ac77e57375e153587bd1c1a83ba JCSG-420307 A-1,1,correct_to_wrong,1,0.47468388080596924,1,S,117,3801,61
cd30307038893c697b793d3381731277 SSGCID-EbreA.17249.a A-1,1,correct_to_wrong,3,0.47369831800460815,124,D,118,1333,259
9020790ca259cef95c280483e528a7d0 EFI-540389 A-0,0,correct_to_wrong,1,0.46791398525238037,1,M,119,774,367
0dffa5ac513b7617529bd13a2298b8df NYSGRC-023389 A-0,0,correct_to_wrong,1,0.4672163426876068,1,M,120,3814,59
8cfd7441d6059903d306a7513af035a0 MCSG-APC22437 A-0,0,correct_to_wrong,55,0.466638445854187,1,M,121,1039,309
05058973351454f46866a2e01467668f JCSG-360709 A-0,0,correct_to_wrong,1,0.4632377326488495,1,M,123,3325,97
878c91a9e17e4cfbcd1356431cd37ea4 MCSG-APC103483 A-0,0,correct_to_wrong,2,0.46179986000061035,1,M,124,674,396
1d1194c3f01224fd8c3953c1a98f1077 SGPP-Tbru019432AAA A-0,0,correct_to_wrong,4,0.46099546551704407,2,P,125,1532,232
bc81800a6e3ad3d7faa9feb23142bb0c JCSG-370121 A-0,0,correct_to_wrong,64,0.4609093964099884,1,M,126,1450,242
2d14bd2f5353e1ce2b970326c5d1499e 6TUG_1 A-1,1,correct_to_wrong,1,0.46080321073532104,1,S,127,564,433
4a9a6efa966f5583b4401c1821dab9a4 SSGCID-PlfaA.17237.a A-1,1,correct_to_wrong,1,0.4607192277908325,1,S,128,1665,216
e59da144e21082b1856f7ed48a4580e6 JCSG-598 A-0,0,correct_to_wrong,3,0.4602554440498352,1,I,129,3652,74
2ba7e544a6a68405e0ffe50328497ace SSGCID-PlbeA.18546.a A-0,0,correct_to_wrong,2,0.459596186876297,1,M,130,2147,167
1aad6549fbe91da43e041b213c4428ca SECSG-T06D8.1 A-0,0,correct_to_wrong,4,0.45692765712738037,1,M,132,8,1829
9c3b81c6265dd18b5d0da8974cbb36b9 MCSG-APC83870 A-0,0,correct_to_wrong,23,0.4562006890773773,1,M,133,2058,175
6d599e9ecc085d10c3b123b16fd3ef0e MCSG-APC22405 A-0,0,correct_to_wrong,8,0.45490922033786774,21,Y,134,868,344
1e98889c42f021cd8dc6b62088661034 NYSGRC-024610 A-0,0,correct_to_wrong,3,0.454685240983963,1,M,135,3552,82
4cdfeda3b769391593ec9b22cab440b8 SGPP-Pfal006563AAA A-0,0,correct_to_wrong,1,0.4539790228009224,1,M,136,383,521
67ef68835711f30001d351fa84031118 SSGCID-PlbeA.18599.a A-0,0,correct_to_wrong,5,0.4515325129032135,46,V,138,2162,166
a3a3b8b1a66212400f85b813bab5c5ed JCSG-360712 A-0,0,correct_to_wrong,1,0.451469749212265,1,M,139,1550,230
da8441b70cd3f46784526fca8bc7a18f MCSG-APC103633 A-0,0,correct_to_wrong,2,0.44989585876464844,1,M,140,673,396
947ce7cc0afed79064eea1686d0257d0 ISFI-ISFI1236 A-1,1,correct_to_wrong,5,0.44848135113716125,5,D,141,1752,206
3bb0863c60afe6ce3a0dc8e51be6c184 MCSG-APC84008 A-0,0,correct_to_wrong,1,0.4450344741344452,1,M,143,1044,308
164fc1e4d2a7aa64efbf095eb7a25a37 NESG-HR3478G A-0,0,correct_to_wrong,5,0.4447205364704132,15,L,144,3706,69
ccd0b2278a9130c86916275676088679 SGPP-Lmaj003805AAA A-0,0,correct_to_wrong,1,0.44448891282081604,2,P,145,312,581
02314124bc27586d90ae159549cef203 JCSG-360713 A-0,0,correct_to_wrong,1,0.443637490272522,1,M,146,3354,95
a67eb0d8e9d06d7b798af3904e1c4c19 TB-Rv1344 A-0,0,correct_to_wrong,1,0.44249048829078674,1,M,147,3120,106
9aced6d944882ff971b4984630c76cb7 NYSGRC-009564 A-0,0,correct_to_wrong,1,0.44174841046333313,1,M,148,2221,161
796c22c2e1ec8d842793534714397f2f JCSG-465 A-0,0,correct_to_wrong,63,0.44119179248809814,1,M,150,3244,100
6e39d5f25822ccd4b25d2da41c84416c SGPP-Tcru008372AAA A-0,0,correct_to_wrong,8,0.43954503536224365,2,P,151,1257,271
6d986469185b2c2ef2f5d04ccb507d19 SGPP-Lmaj006155AAA A-0,0,correct_to_wrong,1,0.43948641419410706,2,P,152,333,561
5747e92dd513faeb415bcc9e6554e6e2 NESG-YR120 A-0,0,correct_to_wrong,1,0.4393903613090515,1,M,153,274,607
1c0a86189ef348ea5da3807710ad7657 5ZT0_2 A-1,1,correct_to_wrong,1,0.4380580186843872,1,S,154,3644,75
3a69337288a1cf85ad92403c023faef4 MCSG-APC40482 A-0,0,correct_to_wrong,1,0.4379667490720749,1,M,155,1344,257
ca4e53b41acae77477e89fb7be6fc66e SECSG-Pfu-1511908-001 A-0,0,correct_to_wrong,27,0.43788960576057434,1,A,156,1576,228
87fb0bd1b97ef002cd1f84c1109c2f20 JCSG-376451 A-0,0,correct_to_wrong,1,0.43762826919555664,1,M,157,2779,125
ac9dc33417446182c46b611536e756de SECSG-Pfu-159494-001 A-0,0,correct_to_wrong,1,0.4361623227596283,1,A,158,1256,271
c8451cb695488943cb8f1257cb66dab1 SSGCID-EnhiA.17850.a A-0,0,correct_to_wrong,1,0.4350922405719757,1,M,159,64,899
96d7932741103dc80d46a7c6bda4e943 SSGCID-PlbeA.18592.a A-0,0,correct_to_wrong,1,0.43375030159950256,1,M,161,3805,60
3ca728f4d924733947f898178fe7b368 JCSG-232643 A-0,0,correct_to_wrong,9,0.43054521083831787,1,M,163,3952,36
fa3a2058f9952579c2f030842399e5e8 SECSG-R05H10.3 A-0,0,correct_to_wrong,155,0.4240962862968445,1,M,165,300,591
bc488bfbc76cdfb46c32b90875aa136a SECSG-T05E7.3 A-0,0,correct_to_wrong,1,0.42316296696662903,1,M,167,50,997
059c0aa9a3fe69ab8bb909920b4151f6 SECSG-M03A1.B A-0,0,correct_to_wrong,1,0.42269453406333923,1,M,169,3768,64
acdf14a08edbfb41850f8c28ca1c9e02 MCSG-APC27103 A-0,0,correct_to_wrong,13,0.4191829264163971,1,M,170,2994,113
db329acef9fb6614006298302e559100 EFI-550264 A-0,0,correct_to_wrong,2,0.41916152834892273,1,M,171,594,421
6a62b814674e4fab793e32ff578cc7f5 JCSG-376352 A-1,1,correct_to_wrong,1,0.4189549684524536,11,M,172,2138,168
76208ea5e1ee39073b2db5b95b5a7309 SGPP-Lmaj007035AAB A-0,0,correct_to_wrong,4,0.4176100790500641,2,P,174,1067,304
bdb8efc6f2215dfa0581f813a82155e4 MCSG-APC25619 A-0,0,correct_to_wrong,1,0.4143370985984802,1,M,177,1963,185
57727c214faeaa75d0f8df2727bf6e1e BSGI-Z5897_ECO57 A-0,0,correct_to_wrong,1,0.4142231345176697,1,M,178,37,1117
56e2ecd6319614b96d873aa4eca9b475 SECSG-Pfu-256063-001 A-0,0,correct_to_wrong,4,0.41316285729408264,1,M,180,1040,309
98ce76b056f2f2395eb6184fcc72c635 JCSG-383823 A-0,0,correct_to_wrong,2,0.4129003584384918,8,P,181,2499,141
666d658f13ae0e13ee1b192eb9d0ac8d SECSG-T04C9.3 A-0,0,correct_to_wrong,3,0.4126887023448944,1,M,182,3671,72
5b0290f4c5efbf74609b2742dda44c91 SSGCID-HepyC.19454.a A-0,0,correct_to_wrong,1,0.41067612171173096,1,M,183,3722,68
4ab77381a70cd8516b39dece8913586c MCSG-APC102531 A-0,0,correct_to_wrong,1,0.4104280471801758,1,M,184,2485,142
b2b61831ca174baa7a3cd8adc73b249e BSGI-KILW_ECO57 A-0,0,correct_to_wrong,1,0.40843695402145386,1,M,185,3463,89
ce33a690fbbc0e1c947e2b655fe52570 MCSG-APC103797 A-0,0,correct_to_wrong,1,0.40697579085826874,1,M,186,582,426
670a27c05345172bdb4fe1aabe9d2947 SGPP-Tcru000264AAA A-0,0,correct_to_wrong,78,0.40633851289749146,2,P,187,2425,147
10678075301093b8d66110e27c5edd65 MCSG-APC27111 A-0,0,correct_to_wrong,1,0.4008392095565796,1,M,192,1051,307
797922eb2d119a53e694db3994303a35 SGPP-Tbru019708AAA A-0,0,correct_to_wrong,3,0.40072447061538696,2,P,193,547,439
934defdaf220503b05b5bd8c1e347224 SECSG-Pfu-1568986-001 A-0,0,correct_to_wrong,2,0.3993081748485565,1,A,194,3013,112
1e81748756f5453767c72da9734c8449 NESG-HR7040A A-1,1,correct_to_wrong,9,0.3989458978176117,74,R,195,2736,127
bb3d897acb6545fbb6cd81ac4e331c00 EFI-513559 A-0,0,correct_to_wrong,1,0.3981589376926422,1,M,196,3439,91
6ce72a53967524253e62f309f0b88908 SECSG-M03A1.4 A-0,0,correct_to_wrong,1,0.3947494328022003,1,M,200,187,681
438c34cc5bc7525347183fb7f437697c NYSGRC-012355 A-1,1,correct_to_wrong,2,0.3940645158290863,148,Q,203,2255,159
d1fa57e3909c4ae010e6492bc456ca66 MCSG-APC109575 A-0,0,correct_to_wrong,12,0.3933895528316498,1,M,205,1495,236
b8e739d99affb6caa1f583911e7d4e46 JCSG-586 A-0,0,correct_to_wrong,50,0.39241474866867065,1,M,207,3007,112
5d5b5a1335cf64a3f917bb80984edc84 MCSG-APC22122 A-0,0,correct_to_wrong,1,0.3909984827041626,1,M,208,1035,310
869594649e7f5f8c6e1e90fb79af535b NESG-HR6771 A-1,1,correct_to_wrong,1,0.3897416889667511,1,S,210,1216,279
04e41c2e273fe31b4cf7a2d1f8a926fd NYSGRC-010745 A-1,1,correct_to_wrong,1,0.3885590434074402,15,R,212,3756,66
616a5a02f66cca80f6f80c0efc301878 SECSG-Pfu-1644264-001 A-0,0,correct_to_wrong,2,0.3870973289012909,2,H,216,3373,94
0677d0544f85408faa7ebdcf71f837e4 4XZ6_1 A-1,1,correct_to_wrong,121,0.3858574330806732,338,H,217,891,339
5528983b601eea5492fff8436b410a06 JCSG-417782 A-1,1,correct_to_wrong,1,0.3855259418487549,21,D,218,3811,60
a9f156f01392b9ec00441b017129c2dd SGPP-Tbru014194AAA A-0,0,correct_to_wrong,3,0.38515400886535645,2,P,220,2238,160
74d04b1679c1800996a7a295293ebd8c SGPP-Lmaj007027AAB A-0,0,correct_to_wrong,1,0.38491183519363403,2,P,221,661,400
a7e420223b36bfff3115cf8fbb878e32 JCSG-360715 A-0,0,correct_to_wrong,1,0.38446569442749023,1,M,222,1861,195
1dee483b4454faf81a4fe57503057c47 SECSG-M03C11.6 A-0,0,correct_to_wrong,1,0.38444632291793823,1,M,223,2197,163
d0f1fc51b386523b08119274ec7a5d47 SSGCID-RicoA.17832.a A-0,0,correct_to_wrong,1,0.3833282142877579,1,M,225,3436,91
5d0207d4be77a8561d98667270d4cc88 JCSG-399567 A-0,0,correct_to_wrong,22,0.38322532176971436,1,M,226,2298,156
083038c00c0d70567ee173d1cebd2843 TB-Rv2083 A-0,0,correct_to_wrong,13,0.3812536299228668,1,M,230,1013,314
b9d3a3e38233c0f3663ee927b0639dc5 SGPP-Pfal006498AAA A-0,0,correct_to_wrong,6,0.3805334270000458,1,M,232,3334,96
fa90d351b325beeb89654a7dbf53728b MCSG-APC102529 A-0,0,correct_to_wrong,2,0.38021934032440186,1,M,233,1164,289
4d64451a5a2b3a260736e7f42394c09b JCSG-377579 A-0,0,correct_to_wrong,97,0.3801557123661041,1,M,234,1096,299
350a45c2780f9e0de2918a36954cfbd1 SSGCID-RicoA.17583.b A-0,0,correct_to_wrong,1,0.3799305856227875,1,M,235,3856,54
3764ff5c7587fb4497c7c1316f264eb2 MCSG-APC114147 A-0,0,correct_to_wrong,1,0.3758946657180786,1,M,241,3869,53
7a9888b8951fd09b49c929cb6356d8ed SSGCID-BaboA.18568.a A-0,0,correct_to_wrong,4,0.37481820583343506,1,M,243,206,660
4255485f9d145630e3d6b6a7c9ff0040 JCSG-370189 A-0,0,correct_to_wrong,10,0.3744432330131531,1,M,244,1572,228
45ada2d5e89c0d5cb0c90abc68033860 SECSG-T05B11.1 A-0,0,correct_to_wrong,38,0.3689904808998108,1,M,250,912,335
1fa33f0803d58ec9d7366db96f9f2d27 SSGCID-RicoA.01656.a A-0,0,correct_to_wrong,1,0.3652289807796478,1,M,252,215,652
a771fc7b7d6de1055b5978a658fa604d NESG-MsR137 A-1,1,correct_to_wrong,2,0.36342519521713257,2,G,254,2338,153
f302ad9fee34b6ac80f42c750548ee15 MCSG-APC83961 A-0,0,correct_to_wrong,1,0.3609614670276642,1,M,258,1367,253
2e357119d70e0d035da308b864311429 NESG-YR244 A-0,0,correct_to_wrong,1,0.35850340127944946,1,M,262,9,1630
1b681984c419afae591bf6c363fe29b6 6RM8_2 A-1,1,correct_to_wrong,1,0.3584378957748413,1,G,263,3902,47
37db0bff44f2265143f423c4b76c95b7 SSGCID-ButhA.01680.a A-1,1,correct_to_wrong,9,0.35825037956237793,2,G,264,775,367
0ae617d436bdc7c0c44789d23b651ac9 SSGCID-EbzaA.17248.a A-0,0,correct_to_wrong,2,0.35771644115448,1,M,265,136,739
030d934e06a736eca40654dbdbf5701f JCSG-376450 A-0,0,correct_to_wrong,4,0.35639816522598267,1,M,267,2753,126
e03047857881237fd620c9baaeb4c24c TB-Rv1914c A-0,0,correct_to_wrong,1,0.35540875792503357,1,M,270,2597,135
da59ea0147c1dfcb721fdeaa65c8ed3b MCSG-APC21460.1 A-0,0,correct_to_wrong,1,0.3553604483604431,1,M,271,3160,104
a5773d3af9790d02d5e53be9b2b2f5a4 MCSG-APC102524 A-0,0,correct_to_wrong,1,0.35409918427467346,1,M,273,497,465
e326704d1fa496f06e2032e80e006e9f SSGCID-BaboA.18345.a A-0,0,correct_to_wrong,1,0.35319480299949646,1,M,274,554,436
b2e0a87e935ee5eb7763ab3bc641eff1 JCSG-47 A-0,0,correct_to_wrong,1,0.3520523011684418,1,M,275,3724,68
6be35ca47683080d4f1ff16667df3dba SECSG-ZK512.5 A-0,0,correct_to_wrong,1,0.3518310487270355,1,M,276,28,1232
ccf52ed5b60f0907ace24afafa9575df SECSG-F13B9.1A A-0,0,correct_to_wrong,1,0.3503267467021942,1,M,277,11,1610
c023722fd3dc98d8ab8326d30cee6509 6B8Q_1 A-1,1,correct_to_wrong,2,0.3501254916191101,1,G,278,3638,75
608fc5c57cd985b5856a40f6fdb28730 JCSG-357008 A-1,1,correct_to_wrong,8,0.34905415773391724,50,I,279,3637,75
e4ef235d10d3db363045bcc4c757cb7b SECSG-F40G12.5 A-0,0,correct_to_wrong,1,0.34825825691223145,1,M,280,1299,264
c89bf6acd9058b5c50123ed31069a614 JCSG-373503 A-0,0,correct_to_wrong,2,0.34758153557777405,1,M,282,1947,187
16826b82f2500c906ce73ec015dc015f SSGCID-BuviA.17622.a A-1,1,correct_to_wrong,1,0.3472421169281006,183,N,283,1533,232
ad257a34fa4ec1cf1b020639116c5271 JCSG-372364 A-0,0,correct_to_wrong,1,0.34527891874313354,1,M,285,2291,156
0429bffb645695f1de15135d387d8dcf MCSG-APC107241 A-0,0,correct_to_wrong,7,0.3429107367992401,1,M,286,2899,118
f00c1463ce4f1c817c6b97ce23e14209 6KHY_1 A-1,1,correct_to_wrong,27,0.34267571568489075,18,D,289,1087,301
7c420b2fbe225e92e500673d8493706b SGPP-Tcru000505AAA A-0,0,correct_to_wrong,1,0.3419837951660156,1,M,291,2323,154
9a1c47778137c063d0c250672c0552d4 JCSG-370130 A-0,0,correct_to_wrong,21,0.33879899978637695,1,M,294,1469,240
5f340fe343be95c6c17049d4d4f42ce0 NESG-MsR18 A-0,0,correct_to_wrong,1,0.33795249462127686,1,M,296,797,362
6f9839598b11f4e28cf0921bb1440c9c MCSG-APC82331 A-0,0,correct_to_wrong,4,0.3373947739601135,1,M,297,365,536
c479056207aad68920dc4de726b99a0e MCSG-APC103289 A-0,0,correct_to_wrong,1,0.3357985019683838,1,M,298,1243,273
655a655d7819ab2e2ee91a03c8082a38 SECSG-F11G11.6 A-0,0,correct_to_wrong,1,0.3356342315673828,1,M,300,3837,56
4220a77abce112803a61428fcd36fc6b JCSG-377811 A-0,0,correct_to_wrong,7,0.3353320360183716,1,M,301,1512,234
fc4409882285b1f13d1ab127f9a7c79a SECSG-F13A2.4 A-0,0,correct_to_wrong,1,0.3310295045375824,1,M,307,2704,129
dca38d5982c3ecbf6ac7bc2a2663027b JCSG-376489 A-0,0,correct_to_wrong,5,0.3306926190853119,1,M,308,3337,96
f95cdb7d2a33d56ceaf16ff5a85a7089 SECSG-F39E9.6 A-0,0,correct_to_wrong,1,0.3294377326965332,1,M,309,3790,62
d7ed5b111483f0d957216da80d649ca5 MCSG-APC36134 A-0,0,correct_to_wrong,11,0.3293866217136383,1,M,310,3219,101
49b69e81ec338b0c883ff7cce93e149f MCSG-APC22416 A-0,0,correct_to_wrong,1,0.32920628786087036,1,M,311,1276,268
7f566fea8fd5f6b8c78f459e588385d5 SGPP-Lmaj012119AAA A-0,0,correct_to_wrong,2,0.3271358609199524,1,M,312,1674,215
9a68db87716b04f0932daab553a7d765 MCSG-APC83794 A-0,0,correct_to_wrong,97,0.32648301124572754,3,I,313,2621,133
4c3038d3601b06a14a86d7141b087a36 SGPP-Lmaj00582AAA A-0,0,correct_to_wrong,1,0.32568562030792236,1,M,314,1629,220
e1253b1601e52ccdb08939044abf4a5e JCSG-420496 A-1,1,correct_to_wrong,6,0.3250693082809448,49,V,315,2763,126
a400b59e2e7e18945efa165eb06ec46c MCSG-APC81054 A-0,0,correct_to_wrong,1,0.32496652007102966,1,M,316,3537,83
84df58fc319f736d22e5c9ab88c0c1b3 MCSG-APC36010 A-0,0,correct_to_wrong,1,0.32486578822135925,1,M,317,2550,138
168c596cd0db0367c6eb2f9bc6651961 MCSG-APC114107 A-0,0,correct_to_wrong,1,0.3244163691997528,1,M,319,3623,76
8bfc8a8a59adbda240f7cff3d3932f1f SECSG-T01D3.2 A-0,0,correct_to_wrong,96,0.3239876627922058,1,M,320,974,322
4ac3e1380e1d95127ceb16808121a821 JCSG-425204 A-0,0,correct_to_wrong,1,0.32324934005737305,1,M,321,2734,127
dd8ec2e2b36a8584c7ae30b354ed9380 JCSG-380942 A-0,0,correct_to_wrong,8,0.3210950195789337,1,M,325,3368,94
557e4191ae494628c8b4a1ff8dab3ca9 MCSG-APC65143 A-0,0,correct_to_wrong,71,0.3184450566768646,1,M,329,628,412
0936f56c86af4f2b783dd2a7deceba3d NYSGRC-003760 A-0,0,correct_to_wrong,4,0.3183424770832062,1,M,330,1909,190
197954337a286e8ca5d5ec2929ebaf42 JCSG-389504 A-0,0,correct_to_wrong,1,0.3179233968257904,1,M,332,1236,274
1fbda60a314cee2643d8f597d93837f9 BSGI-C5343_ECOL6 A-0,0,correct_to_wrong,1,0.3164540231227875,1,M,333,2322,154
b3c9cb2b5a26624b61a047665d4e5e10 MCSG-APC22426 A-0,0,correct_to_wrong,1,0.3147003650665283,1,M,334,648,403
772a81df7db917fc10a3758f1e5066a4 SSGCID-NegoA.19212.a A-0,0,correct_to_wrong,1,0.3139324188232422,1,M,335,1974,184
b143e1bbe41254c12eeee7d4d0c2d4aa SGPP-Lmaj003059AAA A-0,0,correct_to_wrong,1,0.31358760595321655,1,M,336,947,326
0e2f0e5acce7f84076749f699acfcb99 MCSG-APC103630 A-0,0,correct_to_wrong,38,0.3128008544445038,1,M,337,621,414
3ddfdf5acf7115545dfa3c3ff22f67b6 BSGI-C4078_ECOL6 A-0,0,correct_to_wrong,1,0.3126283884048462,1,M,338,2554,138
d7134d68417f85f130d37311ba46717a NYSGRC-009033 A-0,0,correct_to_wrong,12,0.3124849200248718,117,P,340,858,346
ad4fe85a2f6a2e35607399d7186ef944 SGPP-Tcru016768AAA A-0,0,correct_to_wrong,1,0.31044045090675354,2,P,343,1995,182
58ae6ac761f3babff1e1db2628351fcd SECSG-K02B12.2 A-0,0,correct_to_wrong,13,0.3090055286884308,1,M,344,1844,196
994961f627df9bfc8a825b7f1283fea9 SSGCID-BrcaA.18826.a A-1,1,correct_to_wrong,1,0.30790022015571594,2,G,347,442,492
4649b3e66a400395862250109b20c9a8 MCSG-APC64848 A-0,0,correct_to_wrong,1,0.3047633022069931,60,R,352,1404,248
eb52b66d53fcf301ce6601473905367f SSGCID-NegoA.19182.a A-0,0,correct_to_wrong,34,0.30387580394744873,62,E,353,3006,112
bfb91d55d3643a51b498b8b49dcc23f1 BSGI-C5376_ECOL6 A-0,0,correct_to_wrong,1,0.30332380533218384,1,M,354,2445,145
97eb90d14ade7c17e176a57f5e148605 SGPP-Tbru014279AAA A-0,0,correct_to_wrong,1,0.301730751991272,1,M,356,672,397
745d0cdc9850e2d563fce0ea06a58579 NYSGRC-004178 A-0,0,correct_to_wrong,22,0.29925620555877686,1,M,359,888,339
7e391a6ba509a90bcfb4e6eb8a35643c BSGI-C5225_ECOL6 A-0,0,correct_to_wrong,1,0.29907214641571045,1,M,360,3135,105
c767b01b33b700238e3e848cce8f9a96 MCSG-APC27990 A-0,0,correct_to_wrong,1,0.29839861392974854,1,M,361,1816,199
54802bf170c6f246fdfcecf1d8c0eefe JCSG-360790 A-0,0,correct_to_wrong,76,0.29760509729385376,1,M,362,2252,159
6771663c4676aa9c1979b753eddbb76f JCSG-396686 A-0,0,correct_to_wrong,12,0.29750779271125793,1,M,363,3185,103
a4fc5c1d788819afb26ea447f66e65d5 ISFI-ISFI1237 A-1,1,correct_to_wrong,4,0.29644352197647095,72,V,364,2694,130
4a8f6b9d60a165e4f99612eb7ad2044a JCSG-370115 A-0,0,correct_to_wrong,78,0.29393425583839417,1,M,365,1436,244
04d0afa5e24e09de974b4a52612f1b60 5OD4_1 A-1,1,correct_to_wrong,13,0.29231172800064087,1,G,366,2722,128
47eddce1db12da369d0408b8d2c6bc8b SECSG-Y39A1A.7 A-0,0,correct_to_wrong,1,0.2915809899568558,1,M,367,1945,187
fc2c1e87d7178a23c20eea9380c7c4ac MCSG-APC103572 A-0,0,correct_to_wrong,6,0.28872954845428467,1,M,370,1746,206
90604fd64a64cdfead140019c283c1e9 JCSG-475 A-0,0,correct_to_wrong,24,0.288703978061676,3,N,371,3420,92
3eaf98ed85a0232ad4b1a2d82b2bf596 JCSG-383913 A-0,0,correct_to_wrong,15,0.2878413796424866,1,M,373,3048,110
98a9e1e334ad6fb193d2fcd3caccf6de SECSG-Pfu-190329-001 A-0,0,correct_to_wrong,1,0.2876864969730377,1,A,374,737,378
c4638b90de48059962db678492ece126 SGPP-Lmaj00905AAA A-1,1,correct_to_wrong,9,0.28670910000801086,2,G,376,2543,139
d35e7ef6afc9bf579a3ce75317786dd3 SGPP-Tcru021906AAA A-0,0,correct_to_wrong,1,0.28223472833633423,2,P,380,2325,154
60e1b74aaa5f47fb35a995c3aec84ca3 NESG-FR826C A-1,1,correct_to_wrong,12,0.28163930773735046,19,H,381,1941,188
c87051f465e2cd6f8070124fe22f49d9 CESG-GO.35230 A-0,0,correct_to_wrong,1,0.2803032398223877,1,M,382,1922,189
5fe87d3d23bc7f2f8f20dc0f5e1ba2f0 MCSG-APC65144.1 A-0,0,correct_to_wrong,5,0.28011858463287354,60,P,384,2714,128
38dc3451fd6df74ad6785374470b0b2c JCSG-416796 A-1,1,correct_to_wrong,38,0.27965986728668213,26,P,385,2168,166
d57b72bb0fb9e89d5ff516be8c87f000 2L8K_1 A-1,1,correct_to_wrong,1,0.27945831418037415,9,L,386,2818,123
e9f13bcf35c5ad25bbe24389c55f8e7a MCSG-APC23424 A-0,0,correct_to_wrong,1,0.2793898284435272,1,M,387,3268,99
d81797903108536659f1798dda339416 JCSG-360704 A-0,0,correct_to_wrong,1,0.2788916826248169,1,M,391,1142,292
9f53e4338f8159c67473da248984b76a JCSG-359629 A-0,0,correct_to_wrong,8,0.2775305211544037,1,M,395,1153,291
7a3a574ccfcfe78c6d57e8053d6cdb36 SECSG-Pfu-396648-001 A-0,0,correct_to_wrong,6,0.27746039628982544,1,A,396,2864,120
25d3b2e902adcc08d7c5884c1767065f BSGI-C3519_ECOL6 A-0,0,correct_to_wrong,1,0.2769482135772705,1,M,397,2833,122
b57e4c0eb1c47de405009e1ebb928214 BSGI-RVFA_LEGPH A-0,0,correct_to_wrong,19,0.27681005001068115,1,M,398,579,426
d4a877d8c75843e12206f9254821d6e5 1ZD0_1 A-1,1,correct_to_wrong,23,0.27582669258117676,30,Q,402,2385,150
d812bcd8cceee5c282aaa5a5cd96a315 4IT4_1 A-1,1,correct_to_wrong,4,0.275539368391037,157,A,403,1679,215
39ad86924cfeebf8b083cc6c1f29b5a2 SSGCID-CrfaA.19529.a A-1,1,correct_to_wrong,9,0.2751356363296509,1,P,404,1581,227
633ba8aeb741dc14d6f024715e804a4a MCSG-APC62945.1 A-0,0,correct_to_wrong,34,0.27252140641212463,1,M,411,2199,163
066dd7e3642303d9c21ecb83e56c97f9 JCSG-396654 A-0,0,correct_to_wrong,8,0.2721758782863617,1,M,412,1964,185
3b0684971261256bf0f6992514c34839 5IC7_1 A-1,1,correct_to_wrong,18,0.2709227204322815,274,G,415,592,422
7473808dbe94336f75765c6c8b278a98 SGPP-Tbru014285AAA A-0,0,correct_to_wrong,1,0.2699629068374634,1,M,417,1211,279
7da59cb7747dbcd50490ded42ffdfe38 SGPP-Lmaj007039AAA A-0,0,correct_to_wrong,2,0.26943302154541016,2,P,418,2596,135
15e69ed927043afe10176fdaccb905a1 JCSG-235 A-0,0,correct_to_wrong,1,0.26845601201057434,1,M,420,3576,80
93982cd66fe628826dd14713fe61bb4b TB-Rv1590 A-0,0,correct_to_wrong,33,0.26725125312805176,1,M,421,3589,79
15996a01a5abdbca5e7555e8f0bef679 MCSG-APC22106 A-0,0,correct_to_wrong,1,0.26542654633522034,1,M,426,1551,230
75340c21ce6344d652e43c9fe979814f JCSG-595 A-0,0,correct_to_wrong,25,0.2642397880554199,1,M,428,3733,67
e1e2299a67d59a559053107233e7c6d8 MCSG-APC109376 A-0,0,correct_to_wrong,1,0.26293525099754333,1,M,430,3440,91
261d7ede1ac35a4021d365fe2f03a6a3 JCSG-430482 A-1,1,correct_to_wrong,1,0.2626594305038452,1,S,431,1802,201
2f4154467455d929d94539a7e8022cb1 NYSGRC-033693 A-0,0,correct_to_wrong,1,0.262611985206604,1,L,432,323,567
129aa26830c59f9c808c43cee98de7bd SSGCID-HepyC.19472.a A-0,0,correct_to_wrong,1,0.2622641921043396,1,M,433,3799,61
800aa81c59d415acfc6d1bf1cc06615c JCSG-442 A-0,0,correct_to_wrong,1,0.26157689094543457,1,M,434,3687,71
c7363fe484bb7f43e452ca3375e97255 MCSG-APC25779 A-0,0,correct_to_wrong,49,0.26091012358665466,1,M,437,3138,105
40abc28b0fbc66a12fdcb52f744c429c SSGCID-EnhiA.17862.a A-0,0,correct_to_wrong,1,0.2605472803115845,1,M,438,524,450
84abbeabeb1f0a7b6b8f9b10f3179956 JCSG-402033 A-0,0,correct_to_wrong,1,0.26009759306907654,1,M,439,2940,116
25387302adcc7a65635bc9178431cb15 SECSG-T05H10.8 A-0,0,correct_to_wrong,1,0.25970882177352905,1,M,440,738,377
e1a7b2ed63ed4e01d914894d80c8fdef JCSG-423798 A-0,0,correct_to_wrong,1,0.25923775136470795,1,M,441,3044,110
2702603c1b982260f665630bf5cee88b MCSG-APC103500 A-0,0,correct_to_wrong,1,0.2575872838497162,1,M,446,2583,136
4310c660ad7fe428699ceb76ffb72554 4R10_2 A-1,1,correct_to_wrong,1,0.25720539689064026,1,G,448,3533,84
15b2f81dd9b3f45a338396fb921a6f2d SGPP-Lmaj006133AAA A-0,0,correct_to_wrong,1,0.2567562758922577,1,M,449,257,618
b8c2ff214f62dca9baa63f9923a647cb SSGCID-NegoA.19218.a A-0,0,correct_to_wrong,1,0.25585389137268066,1,M,453,3611,77
017d45fcdb2c3bea10359fde801a2903 3HTK_1 A-1,1,correct_to_wrong,1,0.25530657172203064,57,E,455,3808,60
c0d1b4995a49f9d13e4befb6f1efc6c5 SECSG-Pfu-1640657-001 A-0,0,correct_to_wrong,1,0.2549712657928467,2,H,456,783,365
61a09db03c5b95318e1bf6e45810c7de SSGCID-BupsA.01664.b A-1,1,correct_to_wrong,1,0.2527608573436737,41,L,460,2415,148
05dcb930ae39b2ad1e909030446c975f MCSG-APC104065 A-0,0,correct_to_wrong,1,0.2521105706691742,1,M,462,437,494
66e6afd894f37b27ce6b8faa4361adae JCSG-383819 A-0,0,correct_to_wrong,1,0.25172239542007446,1,M,464,2487,142
23dfca2e40812ef2959e18d8dfc4199d JCSG-402019 A-0,0,correct_to_wrong,1,0.24892687797546387,1,M,467,2854,121
735386bbd836c984977b3c31eabf6a08 3N7N_2 A-1,1,correct_to_wrong,8,0.24571767449378967,94,L,473,3359,95
d969250d7897d5ea521ed9424c59c22b MCSG-APC110601 A-1,1,correct_to_wrong,19,0.24390485882759094,550,D,479,251,621
229420702e63440c5a1b91a4157a9177 JCSG-378081 A-1,1,correct_to_wrong,8,0.2423684000968933,5,D,481,2340,153
5fd4fe95fcdc41649d9650285ab367ff JCSG-383878 A-0,0,correct_to_wrong,1,0.24192699790000916,1,M,483,2852,121
719d9a63f087f5a6d5625d3ae0608914 BSGI-C5206_ECOL6 A-0,0,correct_to_wrong,1,0.24010956287384033,1,M,485,3205,102
e8ab2c6777d09a518b8b6bf86edd0b16 JCSG-589 A-0,0,correct_to_wrong,16,0.2393249273300171,26,R,486,3684,71
ef194ed748eff056929332c955d486fa MCSG-APC23429 A-0,0,correct_to_wrong,34,0.23810911178588867,1,M,488,1197,281
08ba7f262ec1059f96f32d34d2b44d91 JCSG-454 A-0,0,correct_to_wrong,11,0.2371167540550232,53,L,491,3672,72
cec19d944cf164d2c460be13ac19ed57 MCSG-APC35677 A-0,0,correct_to_wrong,1,0.23655176162719727,1,M,492,2447,145
0b888fe92d7b6e705d918ed585dc131c SECSG-Pfu-1650968-001 A-0,0,correct_to_wrong,1,0.23617419600486755,1,A,493,1820,199
b0a4d4f7655c4066c9b075e514e26225 MCSG-APC80802 A-1,1,correct_to_wrong,21,0.23279452323913574,615,Y,496,191,679
5a22d58cc2ba5a08307f21c1d64bed2d SECSG-Y37H2A.3 A-0,0,correct_to_wrong,7,0.2326183021068573,1,M,497,284,600
56b7ada890a03319fd68d1542df36426 NYSGRC-009546 A-0,0,correct_to_wrong,3,0.23217514157295227,1,M,498,276,606
8c62f69ed35d57a233aa8062c130bbef JCSG-392512 A-0,0,correct_to_wrong,1,0.2308405041694641,1,M,504,3490,87
b0d53a077241053338cb0cd3cd93df5a JCSG-367704 A-1,1,correct_to_wrong,1,0.23030322790145874,2,M,506,2786,125
81bf2c4ff00453ff6d85f8c3fa4dea1c SGPP-Lmaj002834AAA A-0,0,correct_to_wrong,1,0.23026862740516663,1,M,507,910,335
7363b407eb12e186a81a6cca6f33f154 NYSGRC-033494 A-0,0,correct_to_wrong,1,0.2302010953426361,1,M,508,344,548
6f78bb3d8a5f360073696e790ae4c71a SGPP-Pfal008510AAA A-0,0,correct_to_wrong,3,0.2300814688205719,1,M,509,2937,116
f916a42dd4ad4007f1ca300ccfa1ef62 MCSG-APC104021 A-0,0,correct_to_wrong,1,0.22943812608718872,1,M,511,42,1091
227a6400515870e733328d919d4cb134 MCSG-APC36032 A-0,0,correct_to_wrong,1,0.22841259837150574,1,M,516,2642,132
8e83300b5a07606eea18ff8a0b3a1be7 MCSG-APC66126.0 A-0,0,correct_to_wrong,1,0.22637513279914856,1,M,521,684,394
39c0fc38702bd7929d6256389ada5653 JCSG-418222 A-1,1,correct_to_wrong,12,0.22519329190254211,39,P,525,3873,53
a0f535c5b98a1bbe76a183c577af1781 MCSG-APC84516 A-0,0,correct_to_wrong,11,0.2225707769393921,1,M,533,3318,97
f2b6d9255e2770ac5acf9c8eb253858b NYSGRC-033525 A-0,0,correct_to_wrong,40,0.22079184651374817,1,M,537,751,372
2723486f0cfeca4bf6546b595ae0aabe SSGCID-LyraC.17251.a A-0,0,correct_to_wrong,2,0.22039824724197388,1,M,538,0,2128
9a491c7f3b729f8fc935276592720df2 CESG-GO.13003 A-0,0,correct_to_wrong,6,0.21997687220573425,1,M,539,1292,265
e7e31ea8f2a46be25ed0965aedf8d2a6 MCSG-APC22398 A-0,0,correct_to_wrong,172,0.21968024969100952,14,D,540,1141,292
33cd1c18f9f53de06381eadb6bf9df90 4NGC_1 A-1,1,correct_to_wrong,1,0.2187637984752655,1,S,547,1080,302
ca60048955532d7cfc2f1da54d59eecf NESG-BfR20 A-0,0,correct_to_wrong,1,0.21847820281982422,1,M,550,2127,168
c9f5654dd57810acd6997d3498db65a1 SGPP-Tcru014670AAA A-0,0,correct_to_wrong,1,0.21439868211746216,2,P,567,2237,160
37ba40bfefce73e6ecfc55e489933641 MCSG-APC87057 A-0,0,correct_to_wrong,1,0.2108592987060547,1,M,580,2184,164
155bd929bca11b051a67d3c4a9e1115d SECSG-T06D10.1 A-0,0,correct_to_wrong,1,0.209801584482193,1,M,584,2095,171
fc9cc713f763c3c4801fd2028fe3b342 SECSG-T06G6.5 A-0,0,correct_to_wrong,1,0.20805910229682922,1,M,587,1780,203
6b9eb3af880f2d553bd77b8861d3b998 SECSG-F41F3.2 A-0,0,correct_to_wrong,1,0.2079913318157196,1,M,588,568,430
01392bbf5aa0c3e0da8489d1c8efc7a7 JCSG-419658 A-1,1,correct_to_wrong,1,0.2077726423740387,52,E,590,3849,55
474ba45a6ad03935708666b8043920c9 MCSG-APC36139 A-0,0,correct_to_wrong,1,0.20595389604568481,1,M,592,3495,86
b0ddb6e71ca1c9bc2478446a1ab4cbed SSGCID-CopoB.01659.a A-1,1,correct_to_wrong,1,0.20380279421806335,260,L,599,1224,278
948514976de1659e8115980c0a67a215 SGPP-Tcru006619AAA A-0,0,correct_to_wrong,1,0.20176246762275696,1,M,602,1476,239
6fc47a9f064a1526db507c26cd5b26bb JCSG-370080 A-0,0,correct_to_wrong,8,0.20091083645820618,1,M,609,2295,156
27e71b15d73169fbe4509a8a873e9ff0 JCSG-405317 A-0,0,correct_to_wrong,86,0.19795188307762146,3,Y,618,373,526
237d080d156b17caa44b4aa5a7b0b313 NESG-SR210 A-1,1,correct_to_wrong,2,0.1977541148662567,70,S,619,3041,111
e5340d9f5b55827be5ed6a744377cea2 NESG-HR8561A A-1,1,correct_to_wrong,11,0.19761249423027039,21,H,620,2004,181
8a931285e19de513c7b828ab6e3cdf00 SECSG-M01G12.11 A-0,0,correct_to_wrong,1,0.1969468593597412,1,M,621,3813,59
6ac03a32b1a52555264fa77dfeb9de88 JCSG-416561 A-1,1,correct_to_wrong,5,0.196036696434021,1,A,624,3668,73
bae8da43841d65da2586fe2e8590ccc2 JCSG-359441 A-0,0,correct_to_wrong,1,0.19564539194107056,1,M,625,1002,316
9380e157a109e3efa4cec79f2afea7d4 SGPP-Pfal005384AAA A-0,0,correct_to_wrong,1,0.19529655575752258,1,M,628,3600,78
66b7c5ae9018795026f202e603bacb44 JCSG-463 A-0,0,correct_to_wrong,1,0.19427159428596497,1,M,630,3723,68
053d934f0fbeb4f63d55cb32327d99af JCSG-392051 A-0,0,correct_to_wrong,1,0.19407308101654053,1,M,631,2222,161
962f6ab27fbc8d024f30301debb081e0 MCSG-APC83849 A-0,0,correct_to_wrong,3,0.19227275252342224,1,M,636,2235,160
2f9a32f38b8466d2e608b6ec3abdce4b SGPP-Pfal006399AAA A-0,0,correct_to_wrong,1,0.1851113736629486,1,M,659,1110,296
1210851011061cc9cca4ff75a5230cf3 MCSG-APC103048 A-0,0,correct_to_wrong,1,0.18476834893226624,1,M,662,1766,204
3bfd243c0c8b48a1576d9ee7cbb2a17d JCSG-282497 A-0,0,correct_to_wrong,14,0.18257197737693787,1,M,670,719,383
4f67b4fb58bdcba932233697aa9388dd SGPP-Tcru008294AAA A-0,0,correct_to_wrong,2,0.18137884140014648,3,G,674,1825,198
f2135a98e285e1cbca6d12ce3ed7f981 SECSG-M01F1.8 A-0,0,correct_to_wrong,237,0.18014737963676453,1,M,677,938,328
0b4fa0614e38683b88716d86a4704d9b MCSG-APC65866.0 A-0,0,correct_to_wrong,3,0.18002411723136902,38,M,678,1729,208
e3cac5e662de67721dfebd06ebbad3a3 JCSG-383866 A-0,0,correct_to_wrong,1,0.1798161268234253,1,M,679,2755,126
961d01a753b6d504120a495d5051489f JCSG-379211 A-0,0,correct_to_wrong,1,0.17847684025764465,1,M,682,1189,283
0c94d30c90f8bf0a563dd74b53b4f3c9 NYSGRC-013694 A-0,0,correct_to_wrong,256,0.1781194806098938,1,M,685,405,510
63c894a14f4d21bc7e8f021a78dce19d SGPP-Tbru019943AAA A-0,0,correct_to_wrong,1,0.178043931722641,1,M,686,1786,202
9326d4ba8e85f544a99b37e56ba9c931 MCSG-APC23840 A-0,0,correct_to_wrong,6,0.177358478307724,1,M,687,1203,280
d785262b2ef83b7033ea23f1371e35be NYSGRC-033160 A-1,1,correct_to_wrong,2,0.1759093701839447,23,L,694,1064,305
0a8a7857024479318e18b4c54db5bdfc MCSG-APC35856 A-0,0,correct_to_wrong,1,0.17545172572135925,1,M,695,2557,138
4c1141e562568622ca3bee52f19a9f29 SECSG-W09H1.3 A-1,1,correct_to_wrong,3,0.17539113759994507,98,L,696,3154,105
e54ef0928dfef3c6e5f01fe81d023382 MCSG-APC105855 A-1,1,correct_to_wrong,4,0.17249161005020142,102,G,707,1557,230
cb2cd6637328f7beb4cb7fba31ea742e 2MVH_1 A-1,1,correct_to_wrong,5,0.1703699827194214,4,Y,717,3994,26
76e71b68bf7279e804aba81a834fe6d5 SGPP-Lmaj012103AAA A-0,0,correct_to_wrong,1,0.16977575421333313,1,M,721,102,790
1240890b3369aa30947645a2ab354dc5 SECSG-T06A1.4 A-0,0,correct_to_wrong,3,0.1694464087486267,1,M,723,3050,110
c70980f7deb8bcaa52bc0468c2dd6aa1 JCSG-370025 A-0,0,correct_to_wrong,1,0.169125497341156,1,M,724,1282,267
6be619d5caa3e8b9f7a10c3ef02bb889 SSGCID-AcbaC.19001.a A-1,1,correct_to_wrong,111,0.16901862621307373,57,E,725,1899,191
f4733d57c44b70a2780e1b7cc41fe3d6 MCSG-APC107254 A-0,0,correct_to_wrong,1,0.16892662644386292,1,M,726,580,426
cab8b91d07fc237550cb212450c33560 NESG-OR467 A-1,1,correct_to_wrong,28,0.16532370448112488,218,H,736,1637,219
13609851e6f933480122fdb97255fa17 MCSG-APC21453.1 A-0,0,correct_to_wrong,4,0.16376730799674988,1,K,741,3142,105
2e1b409d17cb59c304786a7b1a57a9d3 NYSGRC-027078 A-0,0,correct_to_wrong,1,0.1614913046360016,1,M,746,3447,90
bfe54b100a8971a8c7de8704b86e33e0 MCSG-APC27886 A-0,0,correct_to_wrong,10,0.15924608707427979,1,M,755,1796,201
a3c7cb09f3c08534699d42acedf798fd MCSG-APC65905.0 A-0,0,correct_to_wrong,50,0.15910792350769043,1,M,756,3187,103
e55abe8122d360721821ff32bb913918 NESG-HR6465 A-0,0,correct_to_wrong,3,0.15831702947616577,1,M,762,1672,215
c70d1130879e517e32fe19daca538ff4 MCSG-APC22288 A-0,0,correct_to_wrong,1,0.157427579164505,1,M,765,2459,144
72644613f3ff12b3512bd71eba2a86f1 JCSG-383906 A-0,0,correct_to_wrong,1,0.15684309601783752,1,M,767,2980,114
cf3cc6b5480d95c96114a717ab38a059 2LVH_1 A-1,1,correct_to_wrong,3,0.15535879135131836,54,D,776,3817,59
7843926bdb458497cc38de96a76b53bf 5WNA_3 A-1,1,correct_to_wrong,15,0.15493950247764587,15,C,778,3912,45
49741c118e482ce4768611244e9b2ec3 MCSG-APC35847 A-0,0,correct_to_wrong,171,0.15406686067581177,1,M,783,724,382
1fc7a85fd46f5bc95319e0feedf3e9d1 MCSG-APC23385 A-0,0,correct_to_wrong,1,0.15334787964820862,1,M,791,1993,182
c1bfac3ace8bbd78c4a36c583d21e6c4 MCSG-APC22058 A-0,0,correct_to_wrong,1,0.15262731909751892,1,M,795,2402,149
ea84b310085b11551bb0be6cd54c3768 MCSG-APC109566 A-0,0,correct_to_wrong,1,0.15234604477882385,1,M,796,1987,183
582157bec9720154f789ec2f8ac36f89 SGPP-Tbru013981AAA A-0,0,correct_to_wrong,1,0.15221592783927917,1,M,797,1094,299
ff4fea546022af6cc123727930384168 JCSG-354721 A-0,0,correct_to_wrong,1,0.1516929566860199,1,M,798,2408,148
6e19f75110af3ae752c29977103010f5 JCSG-599 A-0,0,correct_to_wrong,1,0.15080922842025757,1,M,807,3632,75
e107f48a02869ed96530e28dff388a5b MCSG-APC103453 A-0,0,correct_to_wrong,4,0.15013962984085083,341,V,809,848,347
f12e976696f0bd8948d7609234582b9b NESG-YR231 A-0,0,correct_to_wrong,1,0.1486802101135254,1,M,815,997,317
8a8f56ad876ba4990c5e606aa5895df5 JCSG-250 A-0,0,correct_to_wrong,1,0.14746370911598206,1,M,820,3369,94
0c5fe9a3d0c03835c2c08ba913227d31 SGPP-Lmaj006941AAA A-0,0,correct_to_wrong,2,0.14741599559783936,1,M,821,472,476
8c1a92dc4b93bb04df3f318eca738628 JCSG-354574 A-1,1,correct_to_wrong,1,0.14502021670341492,50,W,829,691,392
a214782baf7982af254dcdd86a92b048 SECSG-F09E10.5 A-0,0,correct_to_wrong,1,0.14497214555740356,1,M,831,1301,264
ab7f289b6ab1900f0adb760df834a1a3 MCSG-APC103441 A-1,1,correct_to_wrong,3,0.14441421627998352,82,G,832,1804,201
a0571c0af404cc87109acdfcf0dcf6fe SECSG-K01B6.1 A-0,0,correct_to_wrong,1,0.14437466859817505,1,M,833,142,732
0ad68a8ace53dbf402e65b88573728fa JCSG-370016 A-0,0,correct_to_wrong,2,0.14433136582374573,36,N,834,1271,269
d30da14ef794829100d9c4f3cf4c9ac7 JCSG-453 A-0,0,correct_to_wrong,43,0.14375358819961548,4,V,838,3695,70
47e423ab6ed697d8b7abdb86b14adb47 SECSG-ZK287.1 A-0,0,correct_to_wrong,1,0.14175871014595032,1,M,843,427,497
6d3d2a6003e853e3748a5204b537abbf NESG-HR6448 A-0,0,correct_to_wrong,1,0.14173844456672668,1,M,844,943,327
e931c5ac25a575a27f0b8b3ff3dc82b7 MCSG-APC85759 A-0,0,correct_to_wrong,10,0.14104852080345154,1,M,847,518,455
ef904db082f76dda5f8027d11eeda5d1 MCSG-APC83804 A-0,0,correct_to_wrong,1,0.14044898748397827,1,M,852,2517,140
c2855ce851dba56ee372b7d063fcf6ec SSGCID-EnhiA.18438.a A-0,0,correct_to_wrong,1,0.13803505897521973,1,M,863,525,450
52e4ad5c41ebefd47363af3e9db8f54b SGPP-Lmaj005843AAA A-0,0,correct_to_wrong,1,0.13772448897361755,1,M,865,1790,202
6120b3c72b6e0110bf3f2de44302ee34 MCSG-APC26336 A-0,0,correct_to_wrong,1,0.13715794682502747,1,M,870,2029,178
7ab4818721c7940ca6d319854f33a22b MCSG-APC82337 A-0,0,correct_to_wrong,1,0.13652729988098145,1,M,872,1055,306
817ae04ce93d9b6fecb370b07b6cb099 MCSG-APC83788 A-0,0,correct_to_wrong,1,0.13346877694129944,1,M,890,2698,129
e4e890450a54ecba61b50a654ddcbe53 SGPP-Pfal006057AAA A-0,0,correct_to_wrong,1,0.13342702388763428,1,M,891,1410,247
e912611ae7a7da0382c04912d6f8190d MCSG-APC27845 A-0,0,correct_to_wrong,1,0.13315972685813904,1,M,892,2623,133
89dacc055a6c70e030c9e1cfcb7bdcfa SSGCID-GilaA.17810.a A-0,0,correct_to_wrong,1,0.13261708617210388,1,M,893,61,913
727ee8870744733c4897ec4f2b9835f6 SGPP-Pfal006552AAA A-0,0,correct_to_wrong,1,0.13208898901939392,1,M,896,2880,119
38068d7dd0150dfaf06d4f540a1708cc MCSG-APC22073 A-0,0,correct_to_wrong,1,0.13129901885986328,1,M,898,2163,166
d20deb453cce363cdbb017bc04499c41 5LSB_2 A-1,1,correct_to_wrong,30,0.13002994656562805,81,G,906,3529,84
ba746b22a45619606d30865f41a7b1af SGPP-Pfal008585AAA A-0,0,correct_to_wrong,1,0.1269271969795227,1,M,918,3322,97
3818cc83979ed4eeee47279423bfbc00 NESG-HsR59 A-0,0,correct_to_wrong,1,0.12680116295814514,1,M,919,1076,303
0c88a8ebe83e2c00850ce15432c2d7b3 MCSG-APC83869 A-0,0,correct_to_wrong,1,0.1267320215702057,1,M,921,2068,174
0a5084cdfd20ebe0c5758cc7e6ffbf09 JCSG-420908 A-1,1,correct_to_wrong,22,0.126220703125,53,R,922,3479,88
e076576019533fbcf16f864fd0cec83e JCSG-402006 A-0,0,correct_to_wrong,1,0.12512829899787903,1,M,928,2130,168
955036c02bac24394e2ccade2e54b860 MCSG-APC27092 A-0,0,correct_to_wrong,2,0.12430122494697571,1,M,931,2183,164
3c1473f0445536dd98ea845f123e0799 MCSG-APC104075 A-0,0,correct_to_wrong,1,0.12386676669120789,1,M,935,52,979
e7de71bbef5cbf0eea333b5f0486b52d SSGCID-BagrA.18405.a A-1,1,correct_to_wrong,12,0.12015455961227417,8,P,954,1635,219
a44d542a9c7d6a8af62cbe882d574e15 NESG-YR341B A-1,1,correct_to_wrong,13,0.12015312910079956,18,H,955,2682,130
3c0de10b4b6e5f7521a813cce7aa6e90 EFI-540433 A-0,0,correct_to_wrong,4,0.11964043974876404,1,M,957,946,326
24c355a7bf84fd436c641b7392b070ab SGPP-Lmaj004669AAA A-0,0,correct_to_wrong,1,0.11929228901863098,1,M,958,504,462
3e39aecffed2933e5b1a4547cb745436 SGPP-Lmaj008092AAA A-0,0,correct_to_wrong,1,0.11844325065612793,1,M,962,372,526
ada6009c13d0724e163b10c9355860c4 SGPP-Pfal005958AAA A-0,0,correct_to_wrong,1,0.11715799570083618,1,M,967,3551,82
db09e4375edc861a9fea731a2dbd8c6d JCSG-402938 A-1,1,correct_to_wrong,5,0.11707574129104614,85,V,968,2691,130
b915ad7749e940b97546b514ee6af2be 3RJ2_1 A-1,1,correct_to_wrong,3,0.11568939685821533,66,G,979,2566,138
41743e68c8ac274a0fb15eb801244abe SSGCID-CrpaA.18230.a A-0,0,correct_to_wrong,1,0.11370396614074707,1,M,986,1337,258
bfe2e86f602d0d1e2498d1a3f1190f4d JCSG-383794 A-0,0,correct_to_wrong,1,0.11297592520713806,1,M,991,2380,150
0fbdf37c1008961274d21f0154294310 SECSG-R07A4.4 A-0,0,correct_to_wrong,1,0.11292904615402222,1,M,992,833,351
097500c5e06c561839241fa182460cb6 MCSG-APC110682 A-1,1,correct_to_wrong,11,0.11246809363365173,28,H,995,2080,173
826b02551a0bd00bf7659bc9a9a81f7a MCSG-APC6930 A-1,1,correct_to_wrong,15,0.11171847581863403,26,P,1003,3275,99
6ef0131d5a1889dfeda6a4d211a392ee SSGCID-LeinA.18746.a A-0,0,correct_to_wrong,1,0.11138397455215454,1,M,1005,1485,237
6e322d2f3a5d430c71b83904fc32281d NESG-GsR3 A-0,0,correct_to_wrong,1,0.11100408434867859,1,M,1007,2648,132
b1e67704e32a910a8ec3f221ba817687 MCSG-APC41556.0 A-1,1,correct_to_wrong,19,0.11008518934249878,8,D,1013,2526,140
97e74668a5a738115516de1a42f98854 SGPP-Lmaj012064AAA A-0,0,correct_to_wrong,1,0.10973846912384033,1,M,1015,334,560
fe692085d42848fbb1c3397a3e81f624 5ODT_2 A-1,1,correct_to_wrong,16,0.10913899540901184,20,E,1021,3907,46
a458b8fe35faf7b3d05729f73297d908 4WP5_2 A-1,1,correct_to_wrong,25,0.10905677080154419,84,P,1022,1988,183
747b31e25235cde624322070fa04e9ca 4BI4_1 A-1,1,correct_to_wrong,1,0.10868263244628906,128,N,1026,2204,163
12e7e626d8dab97f336a85e58f54db81 JCSG-371520 A-0,0,correct_to_wrong,1,0.10727453231811523,1,M,1042,1817,199
5f71d4e803685aeab0b177848f220108 JCSG-392240 A-1,1,correct_to_wrong,2,0.10718268156051636,8,R,1043,3389,94
65a136071686b348f49a624b12112500 7JHY_3 A-1,1,correct_to_wrong,1,0.10680875182151794,22,D,1048,2206,162
623da34586495151557dd532952f57ea MCSG-APC40753.0 A-0,0,correct_to_wrong,1,0.10636132955551147,1,M,1053,2979,114
3d4c7c57e3b41a53e5eff547820680bb SGPP-Lmaj006140AAA A-0,0,correct_to_wrong,1,0.10619205236434937,1,M,1055,1779,203
53b14e199d53952f9bbe86f6763967a0 MCSG-APC35611 A-0,0,correct_to_wrong,2,0.10544806718826294,1,M,1062,2053,176
befc0c38e556e2fbb16ac3831fe54579 TB-Rv1333 A-0,0,correct_to_wrong,1,0.10419756174087524,1,M,1076,867,344
7791e8120211663da4f63a6ee18ed0e7 2NB9_1 A-1,1,correct_to_wrong,2,0.10336491465568542,13,F,1084,3889,49
6adda42b6972f5a29def43073df670ba SGPP-Pviv004861AAA A-1,1,correct_to_wrong,12,0.10226953029632568,41,L,1092,3483,88
c34c468ed0479b180528b619bae28c75 MCSG-APC23811 A-0,0,correct_to_wrong,1,0.10055053234100342,1,M,1100,2676,130
3628694ea3451403da5ccd35cf468bb2 JCSG-383854 A-0,0,correct_to_wrong,10,0.09862136840820312,1,M,1120,2701,129
1e52526ec269f127453efc44d20e1bba SGPP-Tbru019161AAA A-0,0,correct_to_wrong,1,0.09846335649490356,1,M,1124,2078,173
7d2c75a1985c1138bd7f78537db3fc96 MCSG-APC67204.2 A-1,1,correct_to_wrong,22,0.09805747866630554,126,E,1129,1671,216
1ce56d1497004fa2ea73b188da5611ef MCSG-APC26321 A-0,0,correct_to_wrong,26,0.09768921136856079,1,M,1132,1293,265
39f02313657f6c0346c27741b31d5b73 MCSG-APC107247 A-0,0,correct_to_wrong,15,0.09540289640426636,1,M,1148,1270,269
0ff9676678c217a7d06fe8fd6c659578 JCSG-370028 A-0,0,correct_to_wrong,5,0.092934250831604,2,K,1171,1283,267
7ea5e3a7978958f72b8433f82d71b087 JCSG-417367 A-1,1,correct_to_wrong,2,0.09048160910606384,11,S,1205,3197,103
dbc0efee96aa7de7bcb8754eb35dca52 JCSG-437 A-0,0,correct_to_wrong,5,0.08991017937660217,97,F,1215,3299,98
0ab4bd655ad1c29f203eed1ea0d346c5 NYSGRC-004552 A-0,0,correct_to_wrong,1,0.0885198712348938,1,M,1232,474,476
088669bdddb365257bc2f68c330733d6 MCSG-APC23804 A-0,0,correct_to_wrong,1,0.08815675973892212,1,M,1237,2158,166
7da1e8503948b0360ee6703d4e72a8ef MCSG-APC81813 A-1,1,correct_to_wrong,1,0.08768951892852783,100,E,1244,2874,120
6dd5ef671fb8b14668d73f44e65fac2e SSGCID-BobuA.18899.e A-1,1,correct_to_wrong,3,0.08697474002838135,8,R,1258,2003,181
c24847a03aa258bd80aa319b01dac9e6 SECSG-T05D4.2 A-0,0,correct_to_wrong,1,0.08591291308403015,1,M,1271,1017,314
e0a5a8c0a63a5db2741f9f78a2dd352b BSGI-O27597 A-0,0,correct_to_wrong,1,0.08566129207611084,1,M,1277,905,336
3baa219156bc8e2a64e719da15acab1c JCSG-402919 A-1,1,correct_to_wrong,3,0.08546161651611328,4,V,1282,3344,96
f0caffe86f63f36799fcf66502bde2fe MCSG-APC41682.0 A-1,1,correct_to_wrong,2,0.0850858986377716,96,C,1285,2943,116
db4d8da81cbb91d6693c5b8e2e7c0a6e JCSG-283391 A-1,1,correct_to_wrong,4,0.08306509256362915,48,G,1307,3001,113
185216323c8d0bec0db888d8da778643 BSGI-C2510_ECOL6 A-0,0,correct_to_wrong,1,0.08298289775848389,1,M,1311,2919,117
f524b1c68678ab87713cf65d82129754 MCSG-APC22249 A-0,0,correct_to_wrong,1,0.08126223087310791,1,M,1340,2347,152
a3cf3fa1710178eac71421e4bf03a3fc TB-Rv2036 A-0,0,correct_to_wrong,1,0.08106675744056702,1,M,1346,1688,213
8d34686e5b3e9d7699e4316fc6ea0e9f JCSG-370507 A-1,1,correct_to_wrong,89,0.08028772473335266,101,N,1357,2606,135
d4588f3aca96384c09ac3472f3f2e8be MCSG-APC23796 A-0,0,correct_to_wrong,2,0.07839822769165039,1,M,1373,3064,109
c0e685591c6ed0c432618fafac2e5d4d MCSG-APC25775 A-0,0,correct_to_wrong,1,0.07818087935447693,1,M,1378,2906,118
6c3d58b99d66cb1fe1bffc05fd9ba9dd 5T09_1 A-1,1,correct_to_wrong,4,0.0771329402923584,175,R,1382,1480,239
22cca2496e21423f163146293d82c862 JCSG-417435 A-1,1,correct_to_wrong,2,0.07603973150253296,4,G,1400,2515,141
62d0bf4dd3b79eefd9cc5233357f22c9 SECSG-T06G6.3 A-0,0,correct_to_wrong,1,0.07561314105987549,1,M,1407,400,511
43bc7ecf87a5b8b26ebe04f7d26524d5 MCSG-APC107242 A-0,0,correct_to_wrong,1,0.07528829574584961,1,M,1412,1369,253
97c7dbc0cb0a7e9048a8032e085bc623 JCSG-366522 A-0,0,correct_to_wrong,1,0.0730963945388794,1,M,1450,1910,190
412b5ba15595ca9677c65097f824f68a MCSG-APC83973 A-1,1,correct_to_wrong,31,0.07264629006385803,57,V,1460,1306,264
45322f7ecb8f3122ff120ef716f759c1 SECSG-ZK228.3 A-0,0,correct_to_wrong,1,0.07225126028060913,1,M,1469,1038,309
24f88d0dc1b662efc733aa6e442d07cc MCSG-APC41702.0 A-1,1,correct_to_wrong,20,0.07125610113143921,52,L,1480,3278,99
5419489feac4d10f9e6c88a340b3dc9c JCSG-478 A-0,0,correct_to_wrong,3,0.07068932056427002,43,G,1487,3510,85
3ef4448345d0bfe80471161122ed1c06 SSGCID-EnhiA.17856.a A-0,0,correct_to_wrong,23,0.06986486911773682,1,M,1497,570,430
147eb730aa5f3f5380e5bd2087918027 MCSG-APC87047 A-0,0,correct_to_wrong,2,0.0695357620716095,34,T,1507,1307,263
2511437e7a98d0959d72620c5d5db2a6 SECSG-F41G3.6 A-0,0,correct_to_wrong,1,0.06893995404243469,1,M,1514,1109,296
31a4f3fd57e7c275dd55d91c63870830 SGPP-Tbru015144AAA A-1,1,correct_to_wrong,7,0.06888031959533691,113,I,1517,2789,125
a1f5ea7b87bf31edd6cc8503ff6fe35b SSGCID-HepyC.19473.a A-0,0,correct_to_wrong,1,0.06867563724517822,1,M,1522,1331,259
c346a4cb6135995390e371966b30dbfc 5DWB_1 A-1,1,correct_to_wrong,97,0.06835854053497314,179,I,1526,1223,278
c706883cdb6eb767ac36ead2b9e4ea3a JCSG-402696 A-1,1,correct_to_wrong,1,0.06796732544898987,3,Y,1536,3226,101
4ec99a87bc5836b8e1c0f130b070295e MCSG-APC41475.0 A-1,1,correct_to_wrong,1,0.06784728169441223,25,L,1539,3123,106
1c06d21a310ada5c8cdcd3ea91bb042b SGPP-Pviv009021AAA A-0,0,correct_to_wrong,1,0.06731069087982178,1,M,1547,1184,284
a21dffb1045116f9391baa571de6c60b JCSG-370451 A-1,1,correct_to_wrong,4,0.06582280993461609,2,G,1574,2327,154
3384e7091b35a8fbc3cad64ccca13014 TB-Rv2513 A-1,1,correct_to_wrong,2,0.0649724006652832,82,F,1585,2524,140
a0a4f477889b16eb9e855d9efa8cb32d SECSG-F12E12.H A-0,0,correct_to_wrong,1,0.06426301598548889,1,M,1593,2118,169
5ca7161720ef556d9d744efab14ba6fa JCSG-383793 A-0,0,correct_to_wrong,1,0.06415781378746033,1,M,1597,2363,151
13a67b88ce363327f71be65084e78bb6 SSGCID-RifeA.17424.a A-0,0,correct_to_wrong,5,0.06344637274742126,1,M,1611,2607,134
f28b5e02f6dd6f6101d9c6515d4b9d3f JCSG-369245 A-1,1,correct_to_wrong,1,0.0627622902393341,105,E,1623,2021,179
f2e68f87e7715548498f30763e0b4ed9 JCSG-376514 A-0,0,correct_to_wrong,1,0.062275439500808716,114,D,1631,2717,128
ceadabdb24dbfb37ba27098f70cd6e6e MCSG-APC21351.2 A-0,0,correct_to_wrong,1,0.06123298406600952,1,M,1652,3224,101
97cc712ae31407d06f36c2643268db1c MCSG-APC108332 A-1,1,correct_to_wrong,40,0.05944091081619263,4,E,1697,1019,314
f246898877d7762515f5d5a8a2bca06b MCSG-APC103311 A-0,0,correct_to_wrong,1,0.05895760655403137,1,M,1708,1196,281
bd12dc2059c484467d87ea5294cb6ae8 4DQ5_1 A-1,1,correct_to_wrong,53,0.058789998292922974,119,G,1714,2083,173
ecd5f29e40fa2b4a695db465e94d4b77 SSGCID-PlbeA.18601.a A-0,0,correct_to_wrong,71,0.05790969729423523,125,P,1727,1740,207
26aad46b7869f63e43fbde3fa8aaa0ca SECSG-T05G5.8 A-0,0,correct_to_wrong,1,0.05649036169052124,1,M,1755,89,808
f4de6f2cfb4bf6abbe4b0bca647635ff SSGCID-LeinA.19528.a A-0,0,correct_to_wrong,38,0.0561862587928772,45,R,1760,2392,149
c9ed83b0203b382fbd48e4f59c1336bf NESG-HR3478F A-0,0,correct_to_wrong,2,0.05616492033004761,84,L,1761,1627,220
3ac2f257ac90b586093fec4213ced1fb 3W20_1 A-1,1,correct_to_wrong,112,0.05542045831680298,29,A,1775,1246,273
ee0b9571ff00ecc801b4692b9311460f MCSG-APC104080 A-0,0,correct_to_wrong,6,0.05535489320755005,31,I,1778,324,567
5772b8d25a7640668c47850f81314a1b SECSG-M04F3.5 A-0,0,correct_to_wrong,1,0.05534115433692932,1,M,1779,217,652
77c4ede78fb2f801aa8580bf40077336 JCSG-392121 A-1,1,correct_to_wrong,6,0.05502939224243164,46,R,1783,3328,97
3c15a7dd62f2aef86ea07a8ce0a6ceee MCSG-APC35943 A-0,0,correct_to_wrong,2,0.05395105481147766,1,M,1808,658,401
7b38d11d5f8cde4c12f19a75fddc42c5 JCSG-392467 A-0,0,correct_to_wrong,1,0.053637802600860596,1,M,1813,3422,92
90b89f26698d5913a6d6324de8e217f6 SECSG-K02D10.4 A-0,0,correct_to_wrong,1,0.05323916673660278,1,M,1818,1579,227
3013a9064697ba153b3352394e0e5346 SGPP-Tcru008373AAA A-0,0,correct_to_wrong,1,0.05319863557815552,1,M,1820,1612,223
998c564373b529f703ccfa8158888f8d SSGCID-BobuA.18983.a A-1,1,correct_to_wrong,92,0.0521659255027771,9,E,1842,1839,197
9d0ef5284ff76cb92a3b88840da33442 MCSG-APC41004.0 A-1,1,correct_to_wrong,1,0.05174025893211365,93,S,1857,2769,126
e692e71384fa3f10ad21b88f05a9ce48 SECSG-Y48C3A.4 A-0,0,correct_to_wrong,1,0.05169922113418579,1,M,1859,529,448
a40023d59c44619602d0df66abba4c91 MCSG-APC108052 A-1,1,correct_to_wrong,18,0.05104351043701172,298,D,1870,322,570
cb6d572b178fd85691cca3f458486413 JCSG-383081 A-0,0,correct_to_wrong,1,0.05055472254753113,1,M,1892,1166,289
37b27f4ae7a6d9c1b3ffcabc1a472f0f MCSG-APC36135 A-0,0,correct_to_wrong,29,0.050298839807510376,98,D,1900,3265,99
b9e17497bea66462474044962e163947 JCSG-392835 A-1,1,correct_to_wrong,32,0.04946744441986084,52,Y,1923,3075,109
3f39fbaec1991142af9f2172c04e6591 SSGCID-BobuA.18962.a A-1,1,correct_to_wrong,1,0.049292176961898804,160,S,1928,2212,162
3a8d30937ac9a7698d8b2dff223250d6 NYSGRC-030571 A-1,1,correct_to_wrong,1,0.04884219169616699,1,V,1939,514,458
ec341518aa6e1a32a16cdb8991bd5ee8 SECSG-ZK546.1 A-0,0,correct_to_wrong,1,0.04870721697807312,1,M,1941,139,736
a32927874f3d5efcda773eedd6360d1f MCSG-APC83864 A-1,1,correct_to_wrong,32,0.047980815172195435,2,S,1956,2122,169
5addc2a62de87bb5b9097cf9df1d1507 MCSG-APC41665.0 A-1,1,correct_to_wrong,45,0.04766058921813965,7,K,1965,3195,103
fe3f7267f431686835c01dbddbd79784 MCSG-APC109654 A-0,0,correct_to_wrong,1,0.04765930771827698,1,M,1966,3026,111
21483dfd4c019c8bdbc9a3e0f44107dd 5EUR_1 A-1,1,correct_to_wrong,48,0.047553420066833496,46,D,1971,2588,136
daab837940441a4ccd3ba4d53ed3e09f 6OV6_1 A-1,1,correct_to_wrong,67,0.04744189977645874,147,G,1974,1226,277
5d66805e88d0b4f20b4e8629baf3eb2e MCSG-APC91261.1 A-1,1,correct_to_wrong,18,0.04722338914871216,52,D,1978,2641,133
d82d96fb88ef2c62a4ec18ede5fca7f3 MCSG-APC104083 A-0,0,correct_to_wrong,3,0.04623481631278992,1,M,2001,120,759
e72a95f46b9e416e4d0d3254bd31934c JCSG-360 A-0,0,correct_to_wrong,14,0.04561418294906616,82,T,2024,3464,89
4e822b2e798bdea4aed7268417145008 MCSG-APC27890 A-1,1,correct_to_wrong,2,0.04509091377258301,44,K,2044,2637,133
a9f0e428c7e8df3423c6e2b869be061e SECSG-T04G9.1 A-0,0,correct_to_wrong,1,0.04455205798149109,1,M,2061,10,1610
f62b0a884ce847faa0f376be97d533c2 5KEW_1 A-1,1,correct_to_wrong,35,0.04449889063835144,15,D,2065,3385,94
7e7edb909a4c5a53d93725bb512ed380 SECSG-F53C11.5 A-0,0,correct_to_wrong,1,0.04404807090759277,1,M,2089,67,891
c30643775c777faf06aaff85370a375a MCSG-APC80496 A-1,1,correct_to_wrong,38,0.043919920921325684,86,T,2096,2176,165
b0bd191cbe198b0f92f3ba275a6e9bf6 JCSG-378254 A-1,1,correct_to_wrong,8,0.043526023626327515,44,A,2116,3016,112
2ee432939385e48ad6c7543dac12d70b SECSG-T05H4.14 A-0,0,correct_to_wrong,8,0.04316011071205139,1,M,2127,253,620
97b9c74973e2098fef7334b225f42948 MCSG-APC23567 A-0,0,correct_to_wrong,5,0.04224449396133423,1,M,2162,583,425
8d40753ef38290ae7b7c8ac423196c68 MCSG-APC108129 A-1,1,correct_to_wrong,48,0.041881054639816284,240,D,2178,1416,247
463cba2bc2ba70f31bc9d48be587dbee JCSG-370164 A-0,0,correct_to_wrong,1,0.04076826572418213,1,M,2215,1700,212
d3f2a00000c295cbffc2781dbe067362 MCSG-APC83908 A-0,0,correct_to_wrong,17,0.03884100914001465,1,M,2296,1738,207
72eb75b3fb558bcfd35ac8d7fe5ea16c JCSG-376472 A-0,0,correct_to_wrong,32,0.038390547037124634,1,M,2319,3047,110
578346f6509b7fc7c701451e0e11f0c0 MCSG-APC23236 A-0,0,correct_to_wrong,1,0.038105279207229614,1,M,2328,2025,178
9e65533624f455ff7472c0439b54ca46 SECSG-F48B9.1 A-0,0,correct_to_wrong,1,0.037079066038131714,1,M,2374,359,539
4848848c09e65963aa9295be4904047f MCSG-APC103099 A-1,1,correct_to_wrong,3,0.03596699237823486,217,I,2430,1280,268
cabb83a4d9e2e8cbb804efbb9c1488bf BSGI-Z0258_ECO57 A-1,1,correct_to_wrong,3,0.035649120807647705,8,M,2445,563,433
39104e57c0bed89db1c79be74699f0f5 SECSG-F27D4.2 A-1,1,correct_to_wrong,70,0.0354803204536438,2,S,2453,1157,291
35c0d08a18c8a6c7a92647ab828d9e5b MCSG-APC65209.1 A-0,0,correct_to_wrong,1,0.03519141674041748,2,E,2465,1313,262
5924da529ccab5c1fafba7b869fe04b8 MCSG-APC40599 A-1,1,correct_to_wrong,58,0.03497421741485596,524,G,2475,374,525
5b154099ca3d617613fafa59c4f50cfa MCSG-APC100561 A-1,1,correct_to_wrong,5,0.0349467396736145,106,G,2477,1794,202
8e475094c1a0613d967dd421cb092fa3 SECSG-T05F1.2 A-0,0,correct_to_wrong,1,0.03480157256126404,1,M,2486,315,579
86c0281c5cbd3bef5b1f4011bd4e8f29 MCSG-APC65895.0 A-1,1,correct_to_wrong,5,0.034784913063049316,216,P,2487,1618,222
0c3fc5da290e945fd64fac78752a228f SECSG-C16C10.9 A-0,0,correct_to_wrong,1,0.033046603202819824,1,M,2546,1238,274
2b2be9f8de327aba5e7bda5847bc831f MCSG-APC20554 A-1,1,correct_to_wrong,18,0.032977789640426636,60,N,2548,2983,114
f61e962e37c4c3ff04f97afb07e8cdd8 SECSG-F08G5.1 A-0,0,correct_to_wrong,3,0.032788991928100586,1,M,2561,827,352
ba437453f32159aaeeb39fc6dc422ca5 6GW6_2 A-1,1,correct_to_wrong,1,0.030435711145401,68,T,2673,2407,149
6e32ea813b5923c37e6cec5e690d6606 MCSG-APC108065 A-1,1,correct_to_wrong,17,0.029924839735031128,98,G,2702,1428,246
d37a4b4898c2a659d579856b823ff972 JCSG-419667 A-1,1,correct_to_wrong,1,0.02987685799598694,27,D,2705,3228,101
38d7c84b5aa0d4d4a983bd5975def2db MCSG-APC84405 A-1,1,correct_to_wrong,99,0.029111623764038086,158,I,2740,1887,193
b8cb8b11b53cac4690a1691542310446 SGPP-Pkno004674AAA A-1,1,correct_to_wrong,56,0.02883628010749817,96,D,2763,1785,203
ee04da70c6d698902b2437cd3ab83695 JCSG-353976 A-1,1,correct_to_wrong,5,0.028505563735961914,2,G,2777,2194,164
e22b39c0867612d0348186fc45d48070 MCSG-APC6381 A-1,1,correct_to_wrong,7,0.027861177921295166,6,D,2826,2972,115
bd2f892a552d712b3941cf9d12d098d4 MCSG-APC108192 A-1,1,correct_to_wrong,1,0.027521878480911255,273,R,2851,1228,277
727434eeddf36ecf76e9262fb7b644ee NESG-FR588 A-0,0,correct_to_wrong,3,0.02664622664451599,1,M,2909,268,610
1a03d58bfe12349ca29ee7eb06fdf79c SGPP-Lmaj008311AAA A-0,0,correct_to_wrong,2,0.026059716939926147,75,G,2957,2748,126
94a26ef300723c26a6d464d7df5a5a0f MCSG-APC107270 A-1,1,correct_to_wrong,191,0.02353176474571228,365,C,3153,755,372
5267d238d284f8db6d43aa1d50e91c74 SECSG-ZC262.4 A-1,1,correct_to_wrong,31,0.020974338054656982,42,Y,3367,2404,149
88805a8be0f60c4cd0bddb9035ce5c5d 7LQT_1 A-1,1,correct_to_wrong,6,0.019313782453536987,97,T,3516,2074,174
27a02d83e51e9e4306c2c77ce53d2c1e MPP-GO.111739 A-0,0,correct_to_wrong,19,0.017074555158615112,384,D,3756,26,1239
794b26b3d97429ed4c02b3cb763920f0 MCSG-APC111100 A-1,1,correct_to_wrong,115,0.017003685235977173,222,Q,3766,1523,233
423c9d1a62f93fe6404cb374b60d7537 MCSG-APC80683 A-1,1,correct_to_wrong,7,0.015371978282928467,51,G,4002,2464,144
