rank,amino_acid,count_soluble_to_insoluble,count_insoluble_to_soluble,total_occurrence_in_correct_soluble,total_occurrence_in_correct_insoluble,key_rate_soluble,key_rate_insoluble,mean_abs_delta_soluble,mean_abs_delta_insoluble,directional_importance_soluble,directional_importance_insoluble,net_directional_score,sum_abs_delta_soluble,sum_abs_delta_insoluble,raw_net_sum_abs_delta,ranking_status
1,H,77,82,7059,11821,0.010908060631817538,0.006936807376702479,0.21227941381466853,0.06071972265476134,0.00231555671677709,0.0004212010200228771,0.0018943556967542128,16.345514863729477,4.97901725769043,11.366497606039047,ok
2,D,198,166,17848,26418,0.01109367996414164,0.006283594518888637,0.06718361904524793,0.03999686510447996,0.0007453135685207918,0.00025132408234323844,0.0004939894861775533,13.302356570959091,6.639479607343674,6.6628769636154175,ok
3,E,307,174,21641,34399,0.014186035765445219,0.005058286578098201,0.04823095994585888,0.039774544793983985,0.00068420612279371,0.00020119104608137486,0.00048301507671233516,14.806904703378677,6.9207707941532135,7.886133909225464,ok
4,G,188,160,18627,28385,0.01009287593278574,0.005636779989431038,0.07816812483237144,0.055482786428183314,0.0007889411858316332,0.00031274426029625964,0.00047619692553537357,14.695607468485832,8.87724582850933,5.8183616399765015,ok
5,S,147,206,20491,38526,0.007173881216143672,0.005347038363702435,0.0813602916642922,0.03799470427256186,0.0005836690681104365,0.00020315914136291707,0.00038050992674751945,11.959962874650955,7.826909080147743,4.133053794503212,ok
6,Q,91,97,12031,19783,0.007563793533372122,0.004903199716928676,0.0567963529419113,0.026007739538998948,0.0004295958871011494,0.00012752114114557438,0.00030207474595557503,5.168468117713928,2.522750735282898,2.6457173824310303,ok
7,K,196,184,19208,31421,0.01020408163265306,0.005855956207631839,0.04563639833762938,0.039301811838927475,0.00046567753405744264,0.00023014968900934583,0.00023552784504809682,8.944734074175358,7.231533378362656,1.7132006958127022,ok
8,W,35,40,3563,4908,0.009823182711198428,0.008149959250203748,0.07778270329747881,0.06498201787471772,0.0007640737062620708,0.000529600797674961,0.00023447290858710985,2.7223946154117584,2.5992807149887085,0.12311390042304993,ok
9,Y,101,130,10569,15504,0.009556249408647933,0.008384932920536636,0.05648358476043928,0.04158866118926268,0.0005397712234652632,0.000348718134326893,0.0001910530891383702,5.704842060804367,5.406525954604149,0.2983161062002182,ok
10,L,256,313,26606,43891,0.009621889799293392,0.007131302544940876,0.053631193441106007,0.04797523409223404,0.0005160334330949086,0.0003421259089760829,0.0001739075241188257,13.729585520923138,15.016248270869255,-1.2866627499461174,ok
11,R,105,234,14499,28693,0.007241878750258638,0.008155299201895934,0.06877209146817526,0.040883349811928905,0.0004980391478142217,0.000333415950092056,0.0001646231977221657,7.2210696041584015,9.566703855991364,-2.345634251832962,ok
12,N,95,140,14500,26181,0.006551724137931035,0.005347389328138726,0.06036035685162795,0.04527187900883811,0.00039546440695894175,0.00024208636267664853,0.0001533780442822932,5.7342339009046555,6.338063061237335,-0.6038291603326797,ok
13,F,121,183,11057,18483,0.010943293841005697,0.009900990099009901,0.0565816257610794,0.052047574129260955,0.0006191893567053094,0.0005153225161312966,0.00010386684057401283,6.846376717090607,9.524706065654755,-2.678329348564148,ok
14,T,84,152,16735,25894,0.005019420376456528,0.005870085734146907,0.048481764183157965,0.02866972296645767,0.0002433503550275034,0.00016829373178734708,7.505662324015631e-05,4.072468191385269,4.3577978909015656,-0.2853296995162964,ok
15,V,109,237,18280,28450,0.005962800875273523,0.008330404217926187,0.06287113816366283,0.04093692429709535,0.00037488807767173133,0.0003410211268334481,3.3866950838283235e-05,6.852954059839249,9.702051058411598,-2.8490969985723495,ok
16,A,148,200,22285,38148,0.006641238501234014,0.005242738806752648,0.05945377152513813,0.0764588219113648,0.00039484667649631786,0.00040085363275330185,-6.006956256983994e-06,8.799158185720444,15.291764382272959,-6.492606196552515,ok
17,P,128,159,12409,23544,0.010315093883471673,0.006753312945973497,0.05595665983855724,0.09043059833113502,0.0005771981996402068,0.0006107061304217834,-3.35079307815766e-05,7.162452459335327,14.378465134650469,-7.216012675315142,ok
18,C,29,96,3498,8545,0.008290451686678102,0.011234640140433001,0.044172797737450434,0.03637570980936289,0.0003662124455077366,0.0004086680095610108,-4.2455564053274194e-05,1.2810111343860626,3.4920681416988373,-2.2110570073127747,ok
19,I,112,278,16438,25316,0.006813480958754107,0.010981197661557907,0.062241554260253906,0.044018156826496124,0.0004240816447955005,0.0004833720808092085,-5.929043601370798e-05,6.9710540771484375,12.237047597765923,-5.265993520617485,ok
20,M,39,443,6281,10966,0.006209202356312689,0.04039759255881817,0.04807422482050382,0.24182935736013858,0.0002985025900333783,0.009769323847395713,-0.009470821257362334,1.874894767999649,107.13040531054139,-105.25551054254174,ok
